1,1,0,おそ松は6つ子の何番目？,長男,次男,三男,四男,1,note
1,1,0,おそ松は7つ子の何番目？,長男,次男,三男,四男,1,note
1,1,0,おそ松は8つ子の何番目？,長男,次男,三男,四男,1,note
1,1,0,おそ松は9つ子の何番目？,長男,次男,三男,四男,1,note
1,1,0,おそ松は10つ子の何番目？,長男,次男,三男,四男,1,note
1,1,0,おそ松は11つ子の何番目？,長男,次男,三男,四男,1,note
1,1,0,おそ松は12つ子の何番目？,長男,次男,三男,四男,1,note
1,1,0,おそ松は13つ子の何番目？,長男,次男,三男,四男,1,note
1,1,0,おそ松は14つ子の何番目？,長男,次男,三男,四男,1,note
1,1,0,おそ松は15つ子の何番目？,長男,次男,三男,四男,1,note
1,1,0,おそ松は16つ子の何番目？,長男,次男,三男,四男,1,note
1,1,0,おそ松は17つ子の何番目？,長男,次男,三男,四男,1,note
1,1,0,おそ松は18つ子の何番目？,長男,次男,三男,四男,1,note
1,1,0,おそ松は19つ子の何番目？,長男,次男,三男,四男,1,note
2,2,0,から松の声優は？,入野 自由,中村　優一,櫻井,神谷,3,note
2,2,0,から松の声優は？,入野 自由,中村　優一,櫻井,神谷,3,note
2,2,0,から松の声優は？,入野 自由,中村　優一,櫻井,神谷,3,note
2,2,0,から松の声優は？,入野 自由,中村　優一,櫻井,神谷,3,note
2,2,0,から松の声優は？,入野 自由,中村　優一,櫻井,神谷,3,note
2,2,0,から松の声優は？,入野 自由,中村　優一,櫻井,神谷,3,note
2,2,0,から松の声優は？,入野 自由,中村　優一,櫻井,神谷,3,note
2,2,0,から松の声優は？,入野 自由,中村　優一,櫻井,神谷,3,note
2,2,0,から松の声優は？,入野 自由,中村　優一,櫻井,神谷,3,note
3,3,1,チョロ松,入野 自由,中村　優一,櫻井,神谷,4,note
3,3,1,チョロ松,入野 自由,中村　優一,櫻井,神谷,5,note
3,3,1,チョロ松,入野 自由,中村　優一,櫻井,神谷,6,note
3,3,1,チョロ松,入野 自由,中村　優一,櫻井,神谷,7,note
3,3,1,チョロ松,入野 自由,中村　優一,櫻井,神谷,8,note
3,3,1,チョロ松,入野 自由,中村　優一,櫻井,神谷,9,note
3,3,1,チョロ松,入野 自由,中村　優一,櫻井,神谷,10,note
3,3,1,チョロ松,入野 自由,中村　優一,櫻井,神谷,11,note
3,3,1,チョロ松,入野 自由,中村　優一,櫻井,神谷,12,note
3,3,1,チョロ松,入野 自由,中村　優一,櫻井,神谷,13,note
3,3,1,チョロ松,入野 自由,中村　優一,櫻井,神谷,14,note